{"cameraMode":{"drawMode":0,"name":"Shaded","section":"Shading Mode"},"sceneLighting":true,"audioPlay":false,"sceneViewState":{"m_AlwaysRefresh":false,"showFog":true,"showSkybox":true,"showFlares":true,"showImageEffects":true,"showParticleSystems":true,"showVisualEffectGraphs":true,"m_FxEnabled":true},"in2DMode":false,"pivot":{"x":-0.06494078040122986,"y":0.019703581929206849,"z":0.05087527260184288},"rotation":{"x":0.15417294204235078,"y":0.2843053638935089,"z":-0.04637929052114487,"w":0.9451298713684082},"size":0.062273651361465457,"orthographic":false}